{"name": ["01b2ddba41825dd84cb323ff087b06d9bb5808219f03917f5be9f714c216e117.apk", "00e1e53aa3d3b3555019fbb0ab319afe4c0d92ade080c71344d3ad1c1a69253a.apk", "01cc404c6bcac7b833f1f53e7c1afa76509cd17d0352f5a32eec65e3f079af9a.apk", "01f0d9c4f5e8874cbc5aeb6ddd6f6d8b4cf3a0b3c1777f56a14f53163d09a957.apk", "01cd6fbc182390bcd878da37459b0a2c571d10c74cd343ce93ffe36ed1279f07.apk", "01a007550945a5d06733de1889228f8c7dc8d446d0f663026bb8d5fd874eac14.apk", "01bc5ebc2726e09b7fa73d6874e43c4e7ba1ed2dbe1abca4bd194e2b0d4f6eef.apk", "01f519dacf7aef4ee7f42c7828d510d264b762a59df761689875198da6b819f5.apk", "01f4bfcbc662902a8df3dfccd91b69ce65388fc763f70585baa2bed97b68bbde.apk", "01b3b876f61707a23aa910e4c063a842abb127162ef4b1a4a8c79b1c670ab37b.apk", "\u6709\u95ee\u9898\uff01\uff01\uff01", "\u6709\u95ee\u9898\uff01\uff01\uff01"], "p0": [[-1], [0.42857142857142855], [0.43478260869565216], [0.42857142857142855], [0.8636363636363636], [0.5], [0.8636363636363636], [0.42857142857142855], [0.7727272727272727], [0.8076923076923077]], "p1": [[-1], [0.5], [0.6666666666666666], [0.47619047619047616], [0.8863636363636364], [0.75], [0.8863636363636364], [0.47619047619047616], [0.8181818181818182], [0.8863636363636364]], "r": ["reject", "reject", "reject", "accept", "accept", "reject", "accept", "accept", "accept", "reject"], "m": ["malware", "malware", "goodware", "malware", "goodware", "goodware", "goodware", "malware", "goodware", "goodware"]}